date,alpha gal,Alpha-gal syndrome,mammalian meat allergy,meat allergy,tick allergy
2014-01-01,0,0,0,13,0
2014-02-01,0,0,0,9,9
2014-03-01,0,0,0,0,0
2014-04-01,0,0,0,0,0
2014-05-01,0,0,0,0,0
2014-06-01,0,0,0,0,0
2014-07-01,0,0,0,0,0
2014-08-01,0,0,0,10,0
2014-09-01,0,0,0,0,0
2014-10-01,10,0,0,9,0
2014-11-01,0,0,0,10,0
2014-12-01,0,0,0,0,11
2015-01-01,0,0,0,10,0
2015-02-01,0,0,23,49,27
2015-03-01,0,0,0,20,0
2015-04-01,0,0,0,10,0
2015-05-01,0,0,0,12,0
2015-06-01,0,0,0,0,0
2015-07-01,0,0,0,18,0
2015-08-01,0,0,0,7,0
2015-09-01,0,0,0,0,0
2015-10-01,0,0,0,11,8
2015-11-01,0,0,0,11,0
2015-12-01,0,0,0,15,0
2016-01-01,0,0,0,10,16
2016-02-01,0,0,0,12,0
2016-03-01,0,0,0,0,0
2016-04-01,0,0,0,18,10
2016-05-01,0,0,0,12,0
2016-06-01,0,0,15,31,11
2016-07-01,0,0,0,11,0
2016-08-01,0,0,0,15,8
2016-09-01,0,0,0,23,12
2016-10-01,0,0,0,29,16
2016-11-01,0,0,12,29,13
2016-12-01,0,0,14,39,29
2017-01-01,0,0,0,20,0
2017-02-01,0,0,0,13,0
2017-03-01,0,0,0,12,9
2017-04-01,0,0,0,15,8
2017-05-01,0,0,0,15,8
2017-06-01,9,0,9,17,0
2017-07-01,0,0,0,0,9
2017-08-01,0,0,0,9,0
2017-09-01,0,0,0,19,15
2017-10-01,0,0,0,20,11
2017-11-01,0,0,0,17,0
2017-12-01,0,0,0,18,11
2018-01-01,0,0,0,15,8
2018-02-01,0,0,0,11,0
2018-03-01,0,0,0,16,0
2018-04-01,0,7,7,16,7
2018-05-01,0,0,0,13,7
2018-06-01,0,0,10,12,0
2018-07-01,0,0,0,21,0
2018-08-01,0,0,0,20,7
2018-09-01,0,0,7,23,8
2018-10-01,0,0,8,14,15
2018-11-01,0,0,0,20,12
2018-12-01,0,0,0,16,8
2019-01-01,0,0,0,22,10
2019-02-01,0,0,0,17,7
2019-03-01,0,0,0,9,10
2019-04-01,0,0,7,15,7
2019-05-01,0,0,0,17,8
2019-06-01,0,0,0,18,0
2019-07-01,8,0,0,13,9
2019-08-01,0,7,7,16,9
2019-09-01,0,0,0,18,7
2019-10-01,0,0,0,16,10
2019-11-01,9,0,0,21,7
2019-12-01,0,0,0,17,8
2020-01-01,0,0,0,16,0
2020-02-01,0,0,0,14,0
2020-03-01,6,0,0,12,0
2020-04-01,0,0,0,10,0
2020-05-01,6,0,0,17,0
2020-06-01,0,0,0,11,7
2020-07-01,0,0,0,13,0
2020-08-01,0,0,0,11,6
2020-09-01,0,0,0,14,0
2020-10-01,0,0,0,13,10
2020-11-01,6,0,7,16,0
2020-12-01,0,0,0,19,10
2021-01-01,0,0,0,10,0
2021-02-01,0,0,0,13,0
2021-03-01,0,0,0,13,7
2021-04-01,7,0,0,16,0
2021-05-01,0,0,0,17,7
2021-06-01,8,0,7,16,0
2021-07-01,0,0,0,9,6
2021-08-01,7,0,0,11,0
2021-09-01,0,0,0,13,8
2021-10-01,0,0,0,21,7
2021-11-01,8,0,8,18,13
2021-12-01,0,0,0,16,10
2022-01-01,0,0,0,16,0
2022-02-01,0,0,6,9,0
2022-03-01,7,0,0,12,0
2022-04-01,8,0,0,15,0
2022-05-01,7,0,0,13,6
2022-06-01,0,0,0,17,0
2022-07-01,9,0,0,11,0
2022-08-01,12,0,0,15,10
2022-09-01,6,0,0,19,9
2022-10-01,7,0,7,17,8
2022-11-01,7,0,0,13,6
2022-12-01,6,0,6,20,10
2023-01-01,10,0,0,22,6
2023-02-01,6,0,0,20,8
2023-03-01,8,0,6,17,10
2023-04-01,8,0,0,16,10
2023-05-01,9,0,0,16,6
2023-06-01,11,0,6,18,0
2023-07-01,11,0,7,23,7
2023-08-01,29,0,16,47,24
2023-09-01,16,0,11,34,15
2023-10-01,9,0,0,23,8
2023-11-01,15,0,8,28,10
2023-12-01,12,0,6,22,9
2024-01-01,12,0,0,24,10
2024-02-01,10,0,0,18,6
2024-03-01,11,0,0,25,10
2024-04-01,10,6,0,15,8
2024-05-01,8,0,9,23,10
2024-06-01,15,0,0,15,8
2024-07-01,13,0,0,20,9
2024-08-01,13,0,0,22,9
2024-09-01,10,0,0,20,8
2024-10-01,19,0,6,25,16
2024-11-01,18,0,7,21,10
2024-12-01,13,0,8,16,0
2025-01-01,13,0,0,19,0
2025-02-01,10,0,10,25,7
2025-03-01,14,0,6,25,10
2025-04-01,16,0,7,16,0
2025-05-01,15,0,9,22,9
2025-06-01,24,0,0,13,10
2025-07-01,20,0,0,21,8
2025-08-01,21,0,7,20,8
2025-09-01,18,0,0,24,0
2025-10-01,31,0,6,26,15
2025-11-01,41,9,21,50,20
2025-12-01,32,0,0,26,16
2026-01-01,30,0,6,28,13
2026-02-01,40,0,24,91,52
2026-03-01,40,11,16,48,23
2026-04-01,49,0,7,49,25
2026-05-01,100,16,36,97,49
2026-06-01,67,9,15,43,25
2026-07-01,54,9,9,36,20
2026-08-01,55,0,14,43,23
2026-09-01,57,7,14,29,20
2026-10-01,52,0,8,32,20
