date,alpha gal,mammalian meat allergy,meat allergy,tick allergy,food allergy
2014-01-01,0,0,0,0,60
2014-02-01,0,0,0,4,62
2014-03-01,0,0,0,0,55
2014-04-01,0,0,0,0,50
2014-05-01,0,0,0,0,69
2014-06-01,0,0,0,0,54
2014-07-01,0,0,0,0,57
2014-08-01,0,0,0,0,56
2014-09-01,0,0,5,7,57
2014-10-01,0,0,5,5,56
2014-11-01,0,0,5,0,50
2014-12-01,0,0,0,0,44
2015-01-01,0,0,0,0,58
2015-02-01,0,8,20,9,55
2015-03-01,0,0,6,0,50
2015-04-01,0,0,4,0,51
2015-05-01,0,0,4,0,65
2015-06-01,0,0,0,0,48
2015-07-01,0,0,4,0,49
2015-08-01,0,0,4,0,59
2015-09-01,0,0,0,0,47
2015-10-01,0,0,0,0,53
2015-11-01,0,0,0,0,54
2015-12-01,0,0,5,0,45
2016-01-01,0,0,0,0,50
2016-02-01,0,0,0,0,50
2016-03-01,0,0,0,0,53
2016-04-01,0,0,6,4,62
2016-05-01,0,0,5,0,66
2016-06-01,0,5,11,5,48
2016-07-01,0,4,5,0,49
2016-08-01,0,0,7,0,65
2016-09-01,0,4,11,7,59
2016-10-01,0,0,12,7,51
2016-11-01,0,8,13,6,60
2016-12-01,0,5,18,8,41
2017-01-01,0,0,8,0,50
2017-02-01,0,0,6,0,62
2017-03-01,0,0,5,0,57
2017-04-01,0,0,5,5,61
2017-05-01,0,0,5,0,65
2017-06-01,0,0,8,5,58
2017-07-01,0,0,0,0,58
2017-08-01,0,0,0,0,59
2017-09-01,0,0,7,7,58
2017-10-01,0,0,6,5,55
2017-11-01,0,0,6,0,55
2017-12-01,0,0,5,0,47
2018-01-01,0,0,7,5,54
2018-02-01,0,0,5,0,57
2018-03-01,0,0,7,0,58
2018-04-01,0,0,5,3,56
2018-05-01,0,0,4,3,72
2018-06-01,0,0,5,0,56
2018-07-01,0,0,6,0,59
2018-08-01,0,0,8,0,59
2018-09-01,0,0,10,4,59
2018-10-01,0,0,6,5,62
2018-11-01,0,0,8,5,61
2018-12-01,0,0,7,0,48
2019-01-01,0,0,10,6,53
2019-02-01,0,0,7,0,62
2019-03-01,0,0,0,0,65
2019-04-01,0,0,6,0,61
2019-05-01,0,4,6,0,66
2019-06-01,0,0,7,3,53
2019-07-01,0,0,6,3,58
2019-08-01,0,0,6,3,66
2019-09-01,0,0,8,3,58
2019-10-01,0,0,7,4,59
2019-11-01,0,0,8,4,57
2019-12-01,0,0,8,0,44
2020-01-01,0,0,5,0,51
2020-02-01,0,0,6,0,60
2020-03-01,0,0,4,0,53
2020-04-01,0,0,4,0,54
2020-05-01,0,3,8,3,66
2020-06-01,0,0,6,0,58
2020-07-01,0,0,5,0,58
2020-08-01,0,0,4,0,56
2020-09-01,0,0,4,0,62
2020-10-01,0,0,7,3,57
2020-11-01,0,0,8,5,49
2020-12-01,0,0,9,5,47
2021-01-01,0,0,4,0,56
2021-02-01,0,0,5,0,59
2021-03-01,0,0,5,5,60
2021-04-01,3,0,4,0,58
2021-05-01,0,0,7,0,64
2021-06-01,0,0,6,0,62
2021-07-01,0,0,4,0,67
2021-08-01,0,0,5,0,60
2021-09-01,0,0,5,4,57
2021-10-01,0,0,8,4,57
2021-11-01,0,0,6,5,50
2021-12-01,0,0,7,0,42
2022-01-01,0,0,5,0,52
2022-02-01,0,0,4,0,70
2022-03-01,3,0,5,0,81
2022-04-01,0,0,6,0,66
2022-05-01,3,0,4,0,68
2022-06-01,0,0,6,3,67
2022-07-01,4,0,3,0,68
2022-08-01,3,3,6,4,72
2022-09-01,0,0,7,5,68
2022-10-01,3,4,8,3,66
2022-11-01,0,0,6,4,59
2022-12-01,0,0,9,4,48
2023-01-01,5,0,8,3,64
2023-02-01,3,0,7,0,78
2023-03-01,0,3,7,6,74
2023-04-01,3,0,6,0,72
2023-05-01,0,0,5,3,74
2023-06-01,3,0,7,3,69
2023-07-01,0,0,10,3,70
2023-08-01,7,8,19,10,86
2023-09-01,5,4,14,9,73
2023-10-01,0,0,7,4,90
2023-11-01,5,0,10,6,100
2023-12-01,5,0,8,5,86
2024-01-01,5,0,10,4,86
2024-02-01,4,0,7,4,89
2024-03-01,5,4,10,4,83
2024-04-01,5,0,5,0,78
2024-05-01,0,0,10,4,83
2024-06-01,4,3,5,0,74
2024-07-01,4,0,7,5,78
2024-08-01,4,0,9,5,77
2024-09-01,3,0,7,3,79
2024-10-01,6,0,9,6,80
2024-11-01,4,3,8,5,66
2024-12-01,5,0,5,4,59
2025-01-01,4,0,8,0,75
2025-02-01,3,0,7,0,86
2025-03-01,0,0,9,0,70
2025-04-01,0,0,5,0,61
2025-05-01,4,0,6,3,69
2025-06-01,8,0,8,7,63
2025-07-01,5,0,8,3,63
2025-08-01,7,0,7,4,68
2025-09-01,4,0,9,3,64
2025-10-01,8,0,11,4,59
2025-11-01,12,8,21,9,64
2025-12-01,8,0,9,0,52
2026-01-01,6,4,11,5,59
2026-02-01,11,10,35,22,74
2026-03-01,12,5,17,9,70
2026-04-01,15,3,18,9,68
2026-05-01,23,14,35,18,74
2026-06-01,16,5,18,10,68
2026-07-01,15,0,12,9,68
2026-08-01,15,5,14,8,63
2026-09-01,12,1,12,2,56
2026-10-01,10,3,13,9,46
