date,paralysis tick
2014-02-01,19
2014-03-01,26
2014-04-01,30
2014-05-01,32
2014-06-01,30
2014-07-01,30
2014-08-01,45
2014-09-01,76
2014-10-01,88
2014-11-01,84
2014-12-01,60
2015-01-01,49
2015-02-01,28
2015-03-01,25
2015-04-01,26
2015-05-01,30
2015-06-01,30
2015-07-01,29
2015-08-01,42
2015-09-01,68
2015-10-01,85
2015-11-01,65
2015-12-01,57
2016-01-01,39
2016-02-01,23
2016-03-01,29
2016-04-01,26
2016-05-01,22
2016-06-01,30
2016-07-01,32
2016-08-01,45
2016-09-01,79
2016-10-01,81
2016-11-01,66
2016-12-01,51
2017-01-01,44
2017-02-01,26
2017-03-01,27
2017-04-01,28
2017-05-01,30
2017-06-01,31
2017-07-01,35
2017-08-01,36
2017-09-01,58
2017-10-01,81
2017-11-01,69
2017-12-01,57
2018-01-01,46
2018-02-01,24
2018-03-01,19
2018-04-01,23
2018-05-01,24
2018-06-01,23
2018-07-01,34
2018-08-01,41
2018-09-01,75
2018-10-01,100
2018-11-01,72
2018-12-01,45
2019-01-01,57
2019-02-01,23
2019-03-01,24
2019-04-01,22
2019-05-01,27
2019-06-01,31
2019-07-01,28
2019-08-01,34
2019-09-01,57
2019-10-01,78
2019-11-01,49
2019-12-01,37
2020-01-01,34
2020-02-01,24
2020-03-01,17
2020-04-01,18
2020-05-01,20
2020-06-01,21
2020-07-01,23
2020-08-01,36
2020-09-01,49
2020-10-01,50
2020-11-01,51
2020-12-01,39
2021-01-01,28
2021-02-01,20
2021-03-01,22
2021-04-01,20
2021-05-01,18
2021-06-01,17
2021-07-01,23
2021-08-01,35
2021-09-01,48
2021-10-01,57
2021-11-01,54
2021-12-01,48
2022-01-01,34
2022-02-01,19
2022-03-01,17
2022-04-01,18
2022-05-01,21
2022-06-01,26
2022-07-01,29
2022-08-01,36
2022-09-01,62
2022-10-01,79
2022-11-01,70
2022-12-01,54
2023-01-01,43
2023-02-01,21
2023-03-01,20
2023-04-01,21
2023-05-01,22
2023-06-01,27
2023-07-01,36
2023-08-01,51
2023-09-01,76
2023-10-01,83
2023-11-01,71
2023-12-01,58
2024-01-01,41
2024-02-01,21
2024-03-01,23
2024-04-01,22
2024-05-01,22
2024-06-01,22
2024-07-01,31
2024-08-01,51
2024-09-01,72
2024-10-01,82
2024-11-01,66
2024-12-01,46
2025-01-01,34
2025-02-01,18
2025-03-01,20
2025-04-01,25
2025-05-01,23
2025-06-01,30
2025-07-01,36
2025-08-01,39
2025-09-01,75
2025-10-01,81
2025-11-01,74
2025-12-01,45
2026-01-01,31
2026-02-01,16
