date,food allergy
2014-02-01,55
2014-03-01,49
2014-04-01,46
2014-05-01,63
2014-06-01,52
2014-07-01,51
2014-08-01,54
2014-09-01,54
2014-10-01,51
2014-11-01,51
2014-12-01,40
2015-01-01,52
2015-02-01,47
2015-03-01,45
2015-04-01,44
2015-05-01,59
2015-06-01,46
2015-07-01,46
2015-08-01,58
2015-09-01,46
2015-10-01,51
2015-11-01,50
2015-12-01,42
2016-01-01,50
2016-02-01,45
2016-03-01,53
2016-04-01,59
2016-05-01,64
2016-06-01,47
2016-07-01,46
2016-08-01,59
2016-09-01,51
2016-10-01,47
2016-11-01,53
2016-12-01,40
2017-01-01,46
2017-02-01,57
2017-03-01,54
2017-04-01,54
2017-05-01,61
2017-06-01,56
2017-07-01,53
2017-08-01,56
2017-09-01,56
2017-10-01,51
2017-11-01,51
2017-12-01,43
2018-01-01,54
2018-02-01,55
2018-03-01,56
2018-04-01,53
2018-05-01,65
2018-06-01,55
2018-07-01,54
2018-08-01,58
2018-09-01,57
2018-10-01,56
2018-11-01,57
2018-12-01,46
2019-01-01,50
2019-02-01,57
2019-03-01,62
2019-04-01,57
2019-05-01,63
2019-06-01,50
2019-07-01,55
2019-08-01,65
2019-09-01,59
2019-10-01,58
2019-11-01,53
2019-12-01,46
2020-01-01,47
2020-02-01,55
2020-03-01,54
2020-04-01,55
2020-05-01,62
2020-06-01,57
2020-07-01,54
2020-08-01,56
2020-09-01,63
2020-10-01,59
2020-11-01,50
2020-12-01,46
2021-01-01,55
2021-02-01,59
2021-03-01,62
2021-04-01,56
2021-05-01,65
2021-06-01,60
2021-07-01,62
2021-08-01,57
2021-09-01,62
2021-10-01,55
2021-11-01,49
2021-12-01,43
2022-01-01,54
2022-02-01,70
2022-03-01,75
2022-04-01,68
2022-05-01,65
2022-06-01,64
2022-07-01,67
2022-08-01,70
2022-09-01,67
2022-10-01,63
2022-11-01,59
2022-12-01,49
2023-01-01,63
2023-02-01,78
2023-03-01,77
2023-04-01,74
2023-05-01,78
2023-06-01,74
2023-07-01,72
2023-08-01,85
2023-09-01,75
2023-10-01,96
2023-11-01,100
2023-12-01,92
2024-01-01,86
2024-02-01,93
2024-03-01,85
2024-04-01,83
2024-05-01,88
2024-06-01,84
2024-07-01,83
2024-08-01,81
2024-09-01,81
2024-10-01,83
2024-11-01,71
2024-12-01,64
2025-01-01,73
2025-02-01,94
2025-03-01,77
2025-04-01,68
2025-05-01,76
2025-06-01,75
2025-07-01,69
2025-08-01,71
2025-09-01,68
2025-10-01,69
2025-11-01,77
2025-12-01,60
2026-01-01,69
2026-02-01,82
