date,articles,stories,total_articles
2014-02-01,0,0,26462
2014-03-01,0,0,29972
2014-04-01,0,0,39616
2014-05-01,0,0,38555
2014-06-01,0,0,37887
2014-07-01,0,0,41690
2014-08-01,3,1,40168
2014-09-01,0,0,37504
2014-10-01,0,0,37401
2014-11-01,0,0,34442
2014-12-01,0,0,30370
2015-01-01,0,0,43580
2015-02-01,0,0,55136
2015-03-01,0,0,58897
2015-04-01,0,0,47467
2015-05-01,0,0,59669
2015-06-01,0,0,58613
2015-07-01,0,0,60047
2015-08-01,0,0,58356
2015-09-01,0,0,203787
2015-10-01,5,3,61208
2015-11-01,0,0,57379
2015-12-01,0,0,47806
2016-01-01,0,0,47853
2016-02-01,0,0,53763
2016-03-01,0,0,54668
2016-04-01,0,0,48277
2016-05-01,0,0,50900
2016-06-01,1,1,53121
2016-07-01,0,0,53507
2016-08-01,2,1,61791
2016-09-01,2,2,64627
2016-10-01,4,2,50611
2016-11-01,0,0,40335
2016-12-01,0,0,34291
2017-01-01,0,0,57139
2017-02-01,0,0,59197
2017-03-01,0,0,68001
2017-04-01,0,0,97294
2017-05-01,0,0,110160
2017-06-01,0,0,104685
2017-07-01,0,0,103213
2017-08-01,0,0,97199
2017-09-01,2,1,56706
2017-10-01,0,0,60054
2017-11-01,0,0,61297
2017-12-01,0,0,99726
2018-01-01,0,0,113847
2018-02-01,0,0,112301
2018-03-01,0,0,130108
2018-04-01,0,0,88951
2018-05-01,0,0,131415
2018-06-01,2,2,159079
2018-07-01,2,2,137330
2018-08-01,3,3,142421
2018-09-01,10,9,63586
2018-10-01,0,0,114901
2018-11-01,0,0,43306
2018-12-01,0,0,105903
2019-01-01,1,1,102986
2019-02-01,0,0,106333
2019-03-01,0,0,131477
2019-04-01,0,0,124856
2019-05-01,0,0,124883
2019-06-01,1,1,121786
2019-07-01,1,1,97034
2019-08-01,2,2,117403
2019-09-01,0,0,107164
2019-10-01,0,0,109055
2019-11-01,0,0,103495
2019-12-01,0,0,98074
2020-01-01,2,2,107598
2020-02-01,0,0,98867
2020-03-01,0,0,114221
2020-04-01,0,0,108801
2020-05-01,0,0,114331
2020-06-01,0,0,101354
2020-07-01,0,0,94642
2020-08-01,0,0,93236
2020-09-01,0,0,98955
2020-10-01,0,0,99775
2020-11-01,3,2,90906
2020-12-01,1,1,87468
2021-01-01,0,0,86810
2021-02-01,0,0,88140
2021-03-01,0,0,99737
2021-04-01,0,0,92643
2021-05-01,0,0,115453
2021-06-01,0,0,118294
2021-07-01,0,0,122993
2021-08-01,0,0,109361
2021-09-01,0,0,128107
2021-10-01,0,0,115305
2021-11-01,1,1,367003
2021-12-01,0,0,119701
2022-01-01,0,0,109999
2022-02-01,0,0,82135
2022-03-01,0,0,90031
2022-04-01,0,0,74828
2022-05-01,0,0,88897
2022-06-01,0,0,96904
2022-07-01,0,0,104553
2022-08-01,0,0,102818
2022-09-01,2,1,98019
2022-10-01,0,0,97311
2022-11-01,2,1,99529
2022-12-01,1,1,99199
2023-01-01,0,0,104905
2023-02-01,0,0,105769
2023-03-01,0,0,119701
2023-04-01,0,0,106404
2023-05-01,0,0,118370
2023-06-01,2,2,111838
2023-07-01,1,1,111848
2023-08-01,11,7,113946
2023-09-01,0,0,111230
2023-10-01,0,0,92660
2023-11-01,0,0,90750
2023-12-01,0,0,56732
2024-01-01,0,0,54237
2024-02-01,0,0,56497
2024-03-01,0,0,60791
2024-04-01,0,0,132007
2024-05-01,1,1,69414
2024-06-01,0,0,64102
2024-07-01,0,0,68378
2024-08-01,0,0,71705
2024-09-01,0,0,73138
2024-10-01,0,0,74928
2024-11-01,0,0,73082
2024-12-01,0,0,64482
2025-01-01,0,0,69364
2025-02-01,0,0,62535
2025-03-01,0,0,68567
2025-04-01,0,0,67950
2025-05-01,4,1,72228
2025-06-01,0,0,68579
2025-07-01,0,0,73837
2025-08-01,4,2,73838
2025-09-01,1,1,73219
2025-10-01,0,0,71536
2025-11-01,9,7,62983
2025-12-01,0,0,59212
2026-01-01,1,1,63358
2026-02-01,11,9,61717
2026-03-01,1,1,76354
2026-04-01,0,0,75317
2026-05-01,8,4,80942
2026-06-01,0,0,79836
