date,ticks
2014-02-01,46
2014-03-01,50
2014-04-01,47
2014-05-01,42
2014-06-01,49
2014-07-01,45
2014-08-01,50
2014-09-01,72
2014-10-01,89
2014-11-01,97
2014-12-01,71
2015-01-01,63
2015-02-01,61
2015-03-01,55
2015-04-01,60
2015-05-01,55
2015-06-01,51
2015-07-01,52
2015-08-01,53
2015-09-01,70
2015-10-01,82
2015-11-01,68
2015-12-01,69
2016-01-01,65
2016-02-01,54
2016-03-01,53
2016-04-01,58
2016-05-01,53
2016-06-01,52
2016-07-01,55
2016-08-01,59
2016-09-01,73
2016-10-01,79
2016-11-01,71
2016-12-01,63
2017-01-01,62
2017-02-01,51
2017-03-01,49
2017-04-01,54
2017-05-01,54
2017-06-01,54
2017-07-01,51
2017-08-01,51
2017-09-01,72
2017-10-01,75
2017-11-01,80
2017-12-01,66
2018-01-01,61
2018-02-01,47
2018-03-01,50
2018-04-01,54
2018-05-01,48
2018-06-01,44
2018-07-01,50
2018-08-01,54
2018-09-01,73
2018-10-01,83
2018-11-01,74
2018-12-01,66
2019-01-01,97
2019-02-01,52
2019-03-01,52
2019-04-01,59
2019-05-01,52
2019-06-01,54
2019-07-01,54
2019-08-01,56
2019-09-01,72
2019-10-01,83
2019-11-01,67
2019-12-01,62
2020-01-01,62
2020-02-01,53
2020-03-01,54
2020-04-01,55
2020-05-01,54
2020-06-01,56
2020-07-01,54
2020-08-01,59
2020-09-01,75
2020-10-01,72
2020-11-01,69
2020-12-01,59
2021-01-01,59
2021-02-01,55
2021-03-01,53
2021-04-01,54
2021-05-01,50
2021-06-01,54
2021-07-01,49
2021-08-01,55
2021-09-01,61
2021-10-01,71
2021-11-01,68
2021-12-01,61
2022-01-01,62
2022-02-01,52
2022-03-01,57
2022-04-01,56
2022-05-01,47
2022-06-01,52
2022-07-01,52
2022-08-01,58
2022-09-01,71
2022-10-01,79
2022-11-01,80
2022-12-01,70
2023-01-01,66
2023-02-01,53
2023-03-01,64
2023-04-01,66
2023-05-01,62
2023-06-01,66
2023-07-01,75
2023-08-01,92
2023-09-01,100
2023-10-01,90
2023-11-01,91
2023-12-01,78
2024-01-01,73
2024-02-01,53
2024-03-01,63
2024-04-01,62
2024-05-01,58
2024-06-01,59
2024-07-01,58
2024-08-01,69
2024-09-01,86
2024-10-01,88
2024-11-01,83
2024-12-01,71
2025-01-01,65
2025-02-01,57
2025-03-01,61
2025-04-01,67
2025-05-01,58
2025-06-01,60
2025-07-01,64
2025-08-01,65
2025-09-01,85
2025-10-01,90
2025-11-01,89
2025-12-01,68
2026-01-01,73
2026-02-01,63
