term,term_count,term_ratio,doc_count,doc_ratio,sample_size
tick,50,0.382,49,0.374,131
meat,44,0.336,44,0.336,131
allergy,34,0.26,34,0.26,131
bite,25,0.191,22,0.168,131
bites,15,0.115,15,0.115,131
human,15,0.115,15,0.115,131
kidney,14,0.107,14,0.107,131
pig,14,0.107,14,0.107,131
red,12,0.0916,12,0.0916,131
allergic,12,0.0916,12,0.0916,131
teen,11,0.084,11,0.084,131
coast,10,0.0763,10,0.0763,131
induced,8,0.0611,8,0.0611,131
life,8,0.0611,8,0.0611,131
news,8,0.0611,8,0.0611,131
death,7,0.0534,7,0.0534,131
ticks,7,0.0534,7,0.0534,131
transplant,7,0.0534,7,0.0534,131
mammalian,6,0.0458,6,0.0458,131
deadly,6,0.0458,6,0.0458,131
sydney,6,0.0458,6,0.0458,131
camping,6,0.0458,6,0.0458,131
aussies,6,0.0458,6,0.0458,131
woman,6,0.0458,6,0.0458,131
allergies,6,0.0458,6,0.0458,131
health,5,0.0382,5,0.0382,131
disease,5,0.0382,5,0.0382,131
lyme,5,0.0382,5,0.0382,131
surgeons,5,0.0382,5,0.0382,131
patient,5,0.0382,5,0.0382,131
triggers,5,0.0382,5,0.0382,131
australian,4,0.0305,4,0.0305,131
rise,4,0.0305,4,0.0305,131
illness,4,0.0305,4,0.0305,131
surges,4,0.0305,4,0.0305,131
north,4,0.0305,4,0.0305,131
central,4,0.0305,4,0.0305,131
world,4,0.0305,4,0.0305,131
trip,4,0.0305,4,0.0305,131
risk,4,0.0305,4,0.0305,131
vegetarian,4,0.0305,4,0.0305,131
attached,4,0.0305,4,0.0305,131
scientific,4,0.0305,4,0.0305,131
breakthrough,4,0.0305,4,0.0305,131
success,4,0.0305,4,0.0305,131
australia,4,0.0305,4,0.0305,131
day,4,0.0305,4,0.0305,131
honours,4,0.0305,4,0.0305,131
20201,4,0.0305,4,0.0305,131
extraordinary,4,0.0305,4,0.0305,131
medical,4,0.0305,4,0.0305,131
career,4,0.0305,4,0.0305,131
helen,4,0.0305,4,0.0305,131
o'connell,4,0.0305,4,0.0305,131
explosion,4,0.0305,4,0.0305,131
prevented,4,0.0305,4,0.0305,131
coroner,3,0.0229,3,0.0229,131
nsw,3,0.0229,3,0.0229,131
teenager,3,0.0229,3,0.0229,131
died,3,0.0229,3,0.0229,131
dies,3,0.0229,3,0.0229,131
eating,3,0.0229,3,0.0229,131
jeremy,3,0.0229,3,0.0229,131
webb,3,0.0229,3,0.0229,131
caused,3,0.0229,3,0.0229,131
killed,3,0.0229,3,0.0229,131
threatening,3,0.0229,3,0.0229,131
east,3,0.0229,3,0.0229,131
phenomenon,3,0.0229,3,0.0229,131
linked,3,0.0229,3,0.0229,131
warned,3,0.0229,3,0.0229,131
danger,3,0.0229,3,0.0229,131
"450,000",3,0.0229,3,0.0229,131
emerge,3,0.0229,3,0.0229,131
bring,3,0.0229,3,0.0229,131
bizarre,3,0.0229,3,0.0229,131
reason,3,0.0229,3,0.0229,131
insect,3,0.0229,3,0.0229,131
turn,3,0.0229,3,0.0229,131
fatal,3,0.0229,3,0.0229,131
lucky,3,0.0229,3,0.0229,131
alive,3,0.0229,3,0.0229,131
daughter,3,0.0229,3,0.0229,131
vaccinated,3,0.0229,3,0.0229,131
preach,3,0.0229,3,0.0229,131
morals,3,0.0229,3,0.0229,131
immoral,3,0.0229,3,0.0229,131
severe,3,0.0229,3,0.0229,131
reactions,3,0.0229,3,0.0229,131
develop,2,0.0153,2,0.0153,131
sausages,2,0.0153,2,0.0153,131
tragedy,2,0.0153,2,0.0153,131
doctors,2,0.0153,2,0.0153,131
expert,2,0.0153,2,0.0153,131
people,2,0.0153,2,0.0153,131
spreading,2,0.0153,2,0.0153,131
worry,2,0.0153,2,0.0153,131
northern,2,0.0153,2,0.0153,131
beaches,2,0.0153,2,0.0153,131
final,2,0.0153,2,0.0153,131
