source,count,ratio
abc.net.au,16,0.12213740458015267
theconversation.com,9,0.06870229007633588
perthnow.com.au,8,0.061068702290076333
smh.com.au,8,0.061068702290076333
theage.com.au,8,0.061068702290076333
brisbanetimes.com.au,7,0.05343511450381679
news.com.au,7,0.05343511450381679
thewest.com.au,7,0.05343511450381679
sbs.com.au,6,0.04580152671755725
townsvillebulletin.com.au,5,0.03816793893129771
9news.com.au,4,0.030534351145038167
businessinsider.com.au,4,0.030534351145038167
cairnspost.com.au,4,0.030534351145038167
watoday.com.au,4,0.030534351145038167
geelongadvertiser.com.au,3,0.022900763358778626
echo.net.au,2,0.015267175572519083
riverineherald.com.au,2,0.015267175572519083
seymourtelegraph.com.au,2,0.015267175572519083
thenewdaily.com.au,2,0.015267175572519083
batemansbaypost.com.au,1,0.007633587786259542
beaudeserttimes.com.au,1,0.007633587786259542
camdencourier.com.au,1,0.007633587786259542
communitynews.com.au,1,0.007633587786259542
dailymercury.com.au,1,0.007633587786259542
farmonline.com.au,1,0.007633587786259542
gloucesteradvocate.com.au,1,0.007633587786259542
ibtimes.com.au,1,0.007633587786259542
illawarramercury.com.au,1,0.007633587786259542
jimboombatimes.com.au,1,0.007633587786259542
kiamaindependent.com.au,1,0.007633587786259542
manningrivertimes.com.au,1,0.007633587786259542
naroomanewsonline.com.au,1,0.007633587786259542
northqueenslandregister.com.au,1,0.007633587786259542
portnews.com.au,1,0.007633587786259542
singletonargus.com.au,1,0.007633587786259542
southcoastregister.com.au,1,0.007633587786259542
stockandland.com.au,1,0.007633587786259542
theland.com.au,1,0.007633587786259542
ulladullatimes.com.au,1,0.007633587786259542
wauchopegazette.com.au,1,0.007633587786259542
whitsundaytimes.com.au,1,0.007633587786259542
winghamchronicle.com.au,1,0.007633587786259542
