"","date","alpha.gal","alpha.gal.syndrome","food.allergy","mammalian.meat.allergy","paralysis.tick","red.meat.allergy","meat.allergy","tick.allergy"
"1",2014-02-01,0,0,58,0,22,0,16,36
"2",2014-03-01,0,0,50,0,27,0,0,0
"3",2014-04-01,0,0,45,0,30,0,0,0
"4",2014-05-01,0,0,62,0,31,0,0,0
"5",2014-06-01,0,0,52,0,29,0,18,0
"6",2014-07-01,0,0,49,0,30,77,0,0
"7",2014-08-01,0,0,54,0,51,0,18,54
"8",2014-09-01,0,0,53,0,79,0,22,0
"9",2014-10-01,0,0,49,0,92,0,23,0
"10",2014-11-01,0,0,49,0,84,0,0,0
"11",2014-12-01,0,0,41,0,61,0,0,0
"12",2015-01-01,0,0,53,0,51,0,0,0
"13",2015-02-01,0,0,48,99,29,100,92,78
"14",2015-03-01,0,0,46,0,25,0,28,0
"15",2015-04-01,0,0,45,0,28,67,33,0
"16",2015-05-01,0,0,59,0,31,0,29,0
"17",2015-06-01,0,0,45,0,30,0,0,0
"18",2015-07-01,0,0,46,0,32,0,22,0
"19",2015-08-01,0,0,58,0,42,0,14,0
"20",2015-09-01,0,0,47,0,69,0,0,31
"21",2015-10-01,0,0,53,0,88,0,22,32
"22",2015-11-01,0,0,50,0,65,0,0,32
"23",2015-12-01,0,0,43,0,60,0,0,40
"24",2016-01-01,0,0,49,0,42,0,0,0
"25",2016-02-01,0,0,45,38,23,0,22,0
"26",2016-03-01,0,0,52,0,28,0,0,0
"27",2016-04-01,0,0,60,0,26,0,29,0
"28",2016-05-01,0,0,65,0,24,0,27,0
"29",2016-06-01,0,0,46,48,31,0,53,44
"30",2016-07-01,0,0,44,0,37,0,24,0
"31",2016-08-01,0,0,59,0,45,0,30,34
"32",2016-09-01,0,0,48,81,81,0,41,44
"33",2016-10-01,0,0,48,0,83,0,51,50
"34",2016-11-01,0,0,56,52,66,0,75,45
"35",2016-12-01,0,0,40,65,52,0,76,100
"36",2017-01-01,0,0,45,0,45,0,32,0
"37",2017-02-01,0,0,56,0,28,0,19,33
"38",2017-03-01,21,0,54,0,26,0,22,0
"39",2017-04-01,0,0,52,0,26,0,30,0
"40",2017-05-01,0,0,62,0,32,0,29,34
"41",2017-06-01,0,0,57,0,33,0,36,0
"42",2017-07-01,0,0,52,0,35,0,20,35
"43",2017-08-01,0,0,56,0,38,0,0,0
"44",2017-09-01,0,0,57,0,59,0,38,38
"45",2017-10-01,0,0,51,0,81,0,41,34
"46",2017-11-01,0,0,51,0,72,0,17,30
"47",2017-12-01,0,0,44,0,60,0,34,52
"48",2018-01-01,0,0,54,0,49,0,26,38
"49",2018-02-01,0,0,56,0,28,0,21,0
"50",2018-03-01,0,0,56,0,21,0,34,0
"51",2018-04-01,0,0,54,0,23,0,35,35
"52",2018-05-01,0,0,64,0,25,62,23,32
"53",2018-06-01,0,0,57,0,24,0,26,0
"54",2018-07-01,0,0,55,0,35,0,28,0
"55",2018-08-01,19,0,55,0,40,0,34,0
"56",2018-09-01,0,0,57,44,73,0,41,28
"57",2018-10-01,0,0,57,36,100,0,29,0
"58",2018-11-01,0,0,57,0,74,0,30,50
"59",2018-12-01,0,0,46,0,46,0,24,31
"60",2019-01-01,21,0,51,0,58,0,42,43
"61",2019-02-01,0,0,57,0,23,0,32,29
"62",2019-03-01,0,0,62,0,23,0,20,0
"63",2019-04-01,0,0,56,0,23,0,29,33
"64",2019-05-01,0,0,62,0,28,0,26,0
"65",2019-06-01,0,0,53,0,32,0,28,29
"66",2019-07-01,0,0,55,0,29,0,24,0
"67",2019-08-01,0,0,64,0,35,0,31,29
"68",2019-09-01,0,0,57,36,59,0,31,32
"69",2019-10-01,0,0,58,46,80,0,31,42
"70",2019-11-01,23,0,54,0,51,0,30,32
"71",2019-12-01,0,0,44,0,37,51,34,37
"72",2020-01-01,0,0,47,0,34,0,27,0
"73",2020-02-01,0,0,54,0,22,0,16,0
"74",2020-03-01,0,0,54,0,18,0,15,0
"75",2020-04-01,0,0,55,0,19,0,18,0
"76",2020-05-01,0,0,64,0,22,0,26,0
"77",2020-06-01,0,0,56,0,21,0,24,0
"78",2020-07-01,0,0,53,32,25,0,26,0
"79",2020-08-01,0,0,56,30,37,0,19,0
"80",2020-09-01,0,0,63,0,50,0,27,0
"81",2020-10-01,0,0,60,0,51,0,39,34
"82",2020-11-01,0,0,50,0,51,55,33,42
"83",2020-12-01,0,0,46,0,39,57,39,43
"84",2021-01-01,0,0,53,0,29,0,21,42
"85",2021-02-01,0,0,59,0,20,0,19,0
"86",2021-03-01,0,0,62,0,22,0,25,0
"87",2021-04-01,0,0,56,0,22,0,28,0
"88",2021-05-01,0,0,63,0,19,0,29,30
"89",2021-06-01,19,0,59,0,17,0,33,0
"90",2021-07-01,0,0,60,0,22,0,18,0
"91",2021-08-01,0,0,56,0,36,0,27,0
"92",2021-09-01,0,0,61,0,50,0,25,33
"93",2021-10-01,19,0,54,0,59,0,29,31
"94",2021-11-01,0,0,48,35,55,0,27,54
"95",2021-12-01,0,0,43,0,50,0,26,0
"96",2022-01-01,19,0,52,0,34,0,29,34
"97",2022-02-01,0,0,70,0,21,0,28,0
"98",2022-03-01,22,0,75,0,19,0,25,0
"99",2022-04-01,24,0,66,24,18,0,27,0
"100",2022-05-01,23,0,64,0,22,0,26,25
"101",2022-06-01,19,0,63,0,24,0,33,0
"102",2022-07-01,17,0,66,0,30,0,22,0
"103",2022-08-01,30,0,70,0,37,0,20,39
"104",2022-09-01,23,0,67,0,63,0,32,28
"105",2022-10-01,17,0,63,49,82,0,31,37
"106",2022-11-01,22,0,58,0,71,43,25,38
"107",2022-12-01,0,0,49,29,56,0,38,0
"108",2023-01-01,30,0,63,32,42,45,40,31
"109",2023-02-01,17,0,77,0,21,0,33,31
"110",2023-03-01,21,0,76,0,19,0,33,43
"111",2023-04-01,23,0,73,0,23,0,25,35
"112",2023-05-01,29,0,76,0,23,53,27,36
"113",2023-06-01,27,0,73,0,27,0,23,43
"114",2023-07-01,22,0,72,29,41,0,43,29
"115",2023-08-01,68,0,85,71,52,0,86,100
"116",2023-09-01,37,0,75,40,78,0,63,59
"117",2023-10-01,26,0,94,29,88,0,43,37
"118",2023-11-01,37,0,100,50,73,0,53,47
"119",2023-12-01,37,0,92,0,59,0,39,39
"120",2024-01-01,32,0,85,0,42,0,47,36
"121",2024-02-01,22,0,92,0,21,0,35,35
"122",2024-03-01,26,0,84,0,24,0,45,44
"123",2024-04-01,22,0,82,33,24,0,30,39
"124",2024-05-01,19,0,86,36,23,0,34,33
"125",2024-06-01,36,0,81,0,24,0,25,40
"126",2024-07-01,35,0,84,0,31,0,39,31
"127",2024-08-01,24,0,80,0,52,0,41,41
"128",2024-09-01,19,0,80,0,73,0,37,34
"129",2024-10-01,51,0,81,0,88,0,46,56
"130",2024-11-01,46,0,71,36,66,0,39,38
"131",2024-12-01,32,0,64,0,48,0,31,0
"132",2025-01-01,32,0,73,0,35,0,33,0
"133",2025-02-01,23,0,92,36,18,0,37,30
"134",2025-03-01,35,0,77,0,21,50,47,35
"135",2025-04-01,30,0,69,0,23,0,30,0
"136",2025-05-01,39,0,76,0,23,0,43,33
"137",2025-06-01,56,0,73,0,29,49,34,36
"138",2025-07-01,49,0,67,0,37,0,44,47
"139",2025-08-01,50,0,71,35,39,0,45,35
"140",2025-09-01,49,0,68,0,78,0,42,32
"141",2025-10-01,82,0,68,34,83,0,41,65
"142",2025-11-01,100,100,74,100,75,0,100,90
"143",2025-12-01,79,91,59,45,45,0,50,63
"144",2026-01-01,74,0,69,0,32,60,53,48
"145",2026-02-01,43,16,87,19,23,20,30,22
